{
    "pso": 
    {
        "pop_size": [20, 50, 100],
        "particle_size": [30, 100, 500],
        "max_iters": [100, 500, 1000],
        "consts": [[0.55, 1.49618, 1.49618], [1.0, 1.49618, 1.49618],
                    [0.7298, 1.49618, 1.49618], [0.7298, 1.0, 1.49618],
                    [0.7298, 2.0, 1.49618], [0.7298, 2.0, 1.0],
                    [0.7298, 2.0, 2.0]
                  ]
    },
    "ga":
    {
        "prob_cross": [0.8],
        "prob_mut": [0.05, 0.1, 0.2],
        "c": [0.5],
        "n_gens": [10]
    },
    "hpsoga":
    {
        "n_partitions": [0,0,0,0,0],
        "n_particles_partition": [0, 0, 0, 0, 0],
        "n_vars_partition": [0, 0, 0, 0, 0]
    },
    "logapso":
    {
        "prob_run_ga":  [0.1], 
        "step_size": [0.2]
    },
    "function":
    [
        "square_sum", "rosenbrock", "schwefel_222", "quartic_noise", 
        "rastrigin", "griewank", "ackley", "schwefel_226", 
        "penalty_1", "penalty_2"
    ]
}